{
  "timestamp": "2025-11-08T22:27:08.580453",
  "total_training_time_h": 1.83011984275447,
  "components_trained": 7,
  "results": {
    "cylinder_boom": {
      "status": "success",
      "accuracy": 1.0,
      "f1_score": 1.0,
      "training_time_s": 936.9182868003845,
      "samples": 100000
    },
    "cylinder_stick": {
      "status": "success",
      "accuracy": 1.0,
      "f1_score": 1.0,
      "training_time_s": 948.0985479354858,
      "samples": 100000
    },
    "cylinder_bucket": {
      "status": "success",
      "accuracy": 1.0,
      "f1_score": 1.0,
      "training_time_s": 939.1206061840057,
      "samples": 100000
    },
    "pump": {
      "status": "success",
      "accuracy": 0.9458666666666666,
      "f1_score": 0.9485880714195264,
      "training_time_s": 975.052214384079,
      "samples": 100000
    },
    "motor_swing": {
      "status": "success",
      "accuracy": 1.0,
      "f1_score": 1.0,
      "training_time_s": 940.8308386802673,
      "samples": 100000
    },
    "motor_left": {
      "status": "success",
      "accuracy": 1.0,
      "f1_score": 1.0,
      "training_time_s": 919.8436720371246,
      "samples": 100000
    },
    "motor_right": {
      "status": "success",
      "accuracy": 1.0,
      "f1_score": 1.0,
      "training_time_s": 928.5567452907562,
      "samples": 100000
    }
  }
}